<?xml version="1.0" encoding="UTF-8" ?>
<!DOCTYPE supplementalData SYSTEM "../../common/dtd/ldmlSupplemental.dtd">
<!--
Copyright © 1991-2013 Unicode, Inc.
CLDR data files are interpreted according to the LDML specification (http://unicode.org/reports/tr35/)
For terms of use, see http://www.unicode.org/copyright.html
-->
<supplementalData>
	<version number="$Revision$"/>

	<metaZones>
		<metazoneInfo>
      <timezone type="Asia/Tomsk">
        <usesMetazone mzone="Tomsk"/>
      </timezone>
      <timezone type="Europe/Kirov">
        <usesMetazone to="1989-03-25 22:00" mzone="Kuybyshev"/>
        <usesMetazone from="1989-03-25 22:00" to="1992-03-28 22:00" mzone="Volgograd"/>
        <usesMetazone from="1992-03-28 22:00" mzone="Moscow"/>
      </timezone>
		</metazoneInfo>

		<mapTimezones type="metazones" typeVersion="2016e">
      <mapZone other="Tomsk" territory="001" type="Asia/Tomsk"/>
		</mapTimezones>
	</metaZones>

</supplementalData>
