<?xml version="1.0" encoding="UTF-8" ?>
<!DOCTYPE supplementalData SYSTEM "../../common/dtd/ldmlSupplemental.dtd">
<!--
Copyright © 1991-2013 Unicode, Inc.
CLDR data files are interpreted according to the LDML specification (http://unicode.org/reports/tr35/)
For terms of use, see http://www.unicode.org/copyright.html
-->

<supplementalData>
	<version number="$Revision$"/>
	<windowsZones>
		<mapTimezones otherVersion="7e00400" typeVersion="2016e">

			<!-- (UTC-10:00) Aleutian Islands -->
			<mapZone other="Aleutian Standard Time" territory="001" type="America/Adak"/>
			<mapZone other="Aleutian Standard Time" territory="US" type="America/Adak"/>

			<!-- (UTC-09:30) Marquesas Islands -->
			<mapZone other="Marquesas Standard Time" territory="001" type="Pacific/Marquesas"/>
			<mapZone other="Marquesas Standard Time" territory="PF" type="Pacific/Marquesas"/>

			<!-- (UTC-09:00) Coordinated Universal Time-09 -->
			<mapZone other="UTC-09" territory="001" type="Etc/GMT+9"/>
			<mapZone other="UTC-09" territory="PF" type="Pacific/Gambier"/>
			<mapZone other="UTC-09" territory="ZZ" type="Etc/GMT+9"/>

			<!-- (UTC-08:00) Baja California -->
			<mapZone other="Pacific Standard Time (Mexico)" territory="001" type="America/Tijuana"/>
			<mapZone other="Pacific Standard Time (Mexico)" territory="MX" type="America/Tijuana America/Santa_Isabel"/>

			<!-- (UTC-08:00) Pacific Time (US & Canada) -->
			<mapZone other="Pacific Standard Time" territory="MX" type=""/>

			<!-- (UTC-08:00) Coordinated Universal Time-08 -->
			<mapZone other="UTC-08" territory="001" type="Etc/GMT+8"/>
			<mapZone other="UTC-08" territory="PN" type="Pacific/Pitcairn"/>
			<mapZone other="UTC-08" territory="ZZ" type="Etc/GMT+8"/>

			<!-- (UTC-06:00) Easter Island -->
			<mapZone other="Easter Island Standard Time" territory="001" type="Pacific/Easter"/>
			<mapZone other="Easter Island Standard Time" territory="CL" type="Pacific/Easter"/>

			<!-- (UTC-05:00) Bogota, Lima, Quito, Rio Branco -->
			<mapZone other="SA Pacific Standard Time" territory="CL" type=""/>

			<!-- (UTC-05:00) Eastern Time (US & Canada) -->
			<mapZone other="Eastern Standard Time" territory="CU" type=""/>
			<mapZone other="Eastern Standard Time" territory="HT" type=""/>

			<!-- (UTC-05:00) Haiti -->
			<mapZone other="Haiti Standard Time" territory="001" type="America/Port-au-Prince"/>
			<mapZone other="Haiti Standard Time" territory="HT" type="America/Port-au-Prince"/>

			<!-- (UTC-05:00) Havana -->
			<mapZone other="Cuba Standard Time" territory="001" type="America/Havana"/>
			<mapZone other="Cuba Standard Time" territory="CU" type="America/Havana"/>

			<!-- (UTC-04:00) Georgetown, La Paz, Manaus, San Juan -->
			<mapZone other="SA Western Standard Time" territory="TC" type=""/>

			<!-- (UTC-04:00) Turks and Caicos -->
			<mapZone other="Turks And Caicos Standard Time" territory="001" type="America/Grand_Turk"/>
			<mapZone other="Turks And Caicos Standard Time" territory="TC" type="America/Grand_Turk"/>

			<!-- (UTC-03:00) Araguaina -->
			<mapZone other="Tocantins Standard Time" territory="001" type="America/Araguaina"/>
			<mapZone other="Tocantins Standard Time" territory="BR" type="America/Araguaina"/>

			<!-- (UTC-03:00) Cayenne, Fortaleza -->
			<mapZone other="SA Eastern Standard Time" territory="BR" type="America/Fortaleza America/Belem America/Maceio America/Recife America/Santarem"/>

			<!-- (UTC-03:00) Saint Pierre and Miquelon -->
			<mapZone other="Saint Pierre Standard Time" territory="001" type="America/Miquelon"/>
			<mapZone other="Saint Pierre Standard Time" territory="PM" type="America/Miquelon"/>

			<!-- (UTC+02:00) Gaza, Hebron -->
			<mapZone other="West Bank Standard Time" territory="001" type="Asia/Hebron"/>
			<mapZone other="West Bank Standard Time" territory="PS" type="Asia/Hebron Asia/Gaza"/>

			<!-- (UTC+03:00) Moscow, St. Petersburg, Volgograd -->
			<mapZone other="Russian Standard Time" territory="RU" type="Europe/Moscow Europe/Kirov Europe/Simferopol Europe/Volgograd"/>

			<!-- (UTC+04:00) Astrakhan, Ulyanovsk -->
			<mapZone other="Astrakhan Standard Time" territory="001" type="Europe/Astrakhan"/>
			<mapZone other="Astrakhan Standard Time" territory="RU" type="Europe/Astrakhan Europe/Ulyanovsk"/>

			<!-- (UTC+07:00) Barnaul, Gorno-Altaysk -->
			<mapZone other="Altai Standard Time" territory="001" type="Asia/Barnaul"/>
			<mapZone other="Altai Standard Time" territory="RU" type="Asia/Barnaul"/>

			<!-- (UTC+07:00) Hovd -->
			<mapZone other="W. Mongolia Standard Time" territory="001" type="Asia/Hovd"/>
			<mapZone other="W. Mongolia Standard Time" territory="MN" type="Asia/Hovd"/>

			<!-- (UTC+07:00) Tomsk -->
			<mapZone other="Tomsk Standard Time" territory="001" type="Asia/Tomsk"/>
			<mapZone other="Tomsk Standard Time" territory="RU" type="Asia/Tomsk"/>

			<!-- (UTC+08:45) Eucla -->
			<mapZone other="Aus Central W. Standard Time" territory="001" type="Australia/Eucla"/>
			<mapZone other="Aus Central W. Standard Time" territory="AU" type="Australia/Eucla"/>

			<!-- (UTC+09:00) Chita -->
			<mapZone other="Transbaikal Standard Time" territory="001" type="Asia/Chita"/>
			<mapZone other="Transbaikal Standard Time" territory="RU" type="Asia/Chita"/>

			<!-- (UTC+09:00) Yakutsk -->
			<mapZone other="Yakutsk Standard Time" territory="RU" type="Asia/Yakutsk Asia/Khandyga"/>

			<!-- (UTC+10:00) Vladivostok -->
			<mapZone other="Vladivostok Standard Time" territory="RU" type="Asia/Vladivostok Asia/Ust-Nera"/>

			<!-- (UTC+10:30) Lord Howe Island -->
			<mapZone other="Lord Howe Standard Time" territory="001" type="Australia/Lord_Howe"/>
			<mapZone other="Lord Howe Standard Time" territory="AU" type="Australia/Lord_Howe"/>

			<!-- (UTC+11:00) Bougainville Island -->
			<mapZone other="Bougainville Standard Time" territory="001" type="Pacific/Bougainville"/>
			<mapZone other="Bougainville Standard Time" territory="PG" type="Pacific/Bougainville"/>

			<!-- (UTC+11:00) Norfolk Island -->
			<mapZone other="Norfolk Standard Time" territory="001" type="Pacific/Norfolk"/>
			<mapZone other="Norfolk Standard Time" territory="NF" type="Pacific/Norfolk"/>

			<!-- (UTC+11:00) Sakhalin -->
			<mapZone other="Sakhalin Standard Time" territory="001" type="Asia/Sakhalin"/>
			<mapZone other="Sakhalin Standard Time" territory="RU" type="Asia/Sakhalin"/>

			<!-- (UTC+11:00) Solomon Is., New Caledonia -->
			<mapZone other="Central Pacific Standard Time" territory="NF" type=""/>
			<mapZone other="Central Pacific Standard Time" territory="PG" type=""/>

			<!-- (UTC+12:45) Chatham Islands -->
			<mapZone other="Chatham Islands Standard Time" territory="001" type="Pacific/Chatham"/>
			<mapZone other="Chatham Islands Standard Time" territory="NZ" type="Pacific/Chatham"/>

		</mapTimezones>
	</windowsZones>
</supplementalData>
